<?xml version="1.0" encoding="UTF-8"?>
<Configuration status="warn" name="MyApp" packages="">
  <Appenders>
    <File name="MyFile" fileName="logs/Applog-${date:yyyy-MM-ddHHmmssSSS}.log">
      <PatternLayout>
       <!--  <Pattern>%d{HH:mm:ss.SSS} [%t] %-5level %logger{36} - %msg%n</Pattern> -->
         <Pattern>%sn %d{yyyy/MM/dd HH:mm:ss,SSS} %r [%-6p] [%t] %c{3} %C{3}.%M(%F:%L) - %m%n</Pattern>
      </PatternLayout>
   
    </File>
  </Appenders>
  <Loggers>
   <!--  <Root level="trace"> -->
      <Root level="debug">
      <AppenderRef ref="MyFile"/>
    </Root>
  </Loggers>
</Configuration>