<project xmlns="http://maven.apache.org/POM/4.0.0" xmlns:xsi="http://www.w3.org/2001/XMLSchema-instance" xsi:schemaLocation="http://maven.apache.org/POM/4.0.0 https://maven.apache.org/xsd/maven-4.0.0.xsd">
  <modelVersion>4.0.0</modelVersion>
  <groupId>BaseFrameDesign</groupId>
  <artifactId>Vanila</artifactId>
  <version>0.0.1-SNAPSHOT</version>
 
 
  <repositories>
     <repository>
        <snapshots>
          <enabled>false</enabled>
        </snapshots>
        <id>bintray-epam-reportportal</id>
        <name>bintray</name>
        <url>http://dl.bintray.com/epam/reportportal</url>
     </repository>
</repositories> 
 
  
    <dependencies>
  
     <dependency>
    <groupId>org.seleniumhq.selenium</groupId>
    <artifactId>selenium-java</artifactId>
    <version>4.1.3</version>
</dependency>  

 <dependency>
            <groupId>com.epam.reportportal</groupId>
            <artifactId>agent-java-testng</artifactId>
            <version>5.1.2</version>
        </dependency>

        <!-- <dependency>
            <groupId>com.epam.reportportal</groupId>
            <artifactId>logger-java-log4j</artifactId>
            <version>5.0.3</version>
        </dependency>  -->

 

    
 <dependency>
    <groupId>io.github.bonigarcia</groupId>
    <artifactId>webdrivermanager</artifactId>
    <version>5.0.3</version>
    <exclusions>
        <exclusion>
            <groupId>com.google.guava</groupId>
            <artifactId>guava</artifactId>
        </exclusion>
    </exclusions>
</dependency> 
    
<dependency>
    <groupId>org.testng</groupId>
    <artifactId>testng</artifactId>
    <version>6.14.3</version> 
  <!--   <version>7.4.0</version> -->
</dependency>
    
    <dependency>
    <groupId>com.paulhammant</groupId>
    <artifactId>ngwebdriver</artifactId>
    <version>1.0</version>
</dependency>
 
    <dependency>
    <groupId>org.apache.pdfbox</groupId>
    <artifactId>pdfbox</artifactId>
    <version>3.0.0-alpha3</version>
</dependency>
    


 		<!-- <dependency>
			<groupId>org.apache.poi</groupId>
			<artifactId>openxml4j</artifactId>
			<version>1.0-beta</version>
		</dependency> -->
		
		<dependency>
    <groupId>org.apache.logging.log4j</groupId>
    <artifactId>log4j-core</artifactId>
    <version>2.17.2</version>
</dependency>
		

<!--    Below one for Excel operations - Apache POI  -->
		 <dependency>
			<groupId>org.apache.poi</groupId>
			<artifactId>poi-ooxml</artifactId>
			<version>3.9</version>
		</dependency>
		<dependency>
			<groupId>org.apache.poi</groupId>
			<artifactId>poi-ooxml-schemas</artifactId>
			<version>3.9</version>
		</dependency>
		<dependency>
			<groupId>org.apache.poi</groupId>
			<artifactId>poi-scratchpad</artifactId>
			<version>3.9</version>
		</dependency> 
		<dependency>
			<groupId>org.apache.poi</groupId>
			<artifactId>ooxml-schemas</artifactId>
			<version>1.1</version>
		</dependency>
		<dependency>
			<groupId>ru.qatools.commons</groupId>
			<artifactId>properties</artifactId>
			<version>2.0.RC6</version>
		</dependency>
		
		<dependency>
			<groupId>com.aventstack</groupId>
			<artifactId>extentreports</artifactId>
			<version>5.0.9</version>
		</dependency>
		
		<dependency>
		    <groupId>com.aventstack</groupId>
		    <artifactId>klov-reporter</artifactId>
		    <version>5.0.2</version>
		</dependency>
		
   </dependencies>
   
   
  
  
  <build>
  <plugins>
			<plugin>
				<groupId>org.apache.maven.plugins</groupId>
				<artifactId>maven-compiler-plugin</artifactId>
				<version>3.10.1</version>
				<configuration>
					<source>1.8</source>
					<target>1.8</target>
				</configuration>
			</plugin>
			<plugin>
				<groupId>org.apache.maven.plugins</groupId>
				<artifactId>maven-surefire-plugin</artifactId>
				<version>3.0.0-M7</version>
				<configuration>
					<forkCount>0</forkCount>
					<suiteXmlFiles>
						<!-- TestNG suite XML files -->
						<!-- <suiteXmlFile>TestNG_Docker.xml</suiteXmlFile> -->
						<!-- <suiteXmlFile>TestNG_Browserstack.xml</suiteXmlFile> -->
						<!-- <suiteXmlFile>TestNg_Cucumber.xml</suiteXmlFile> -->
						<!-- <suiteXmlFile>TestNG_SAP.xml</suiteXmlFile> -->
						<suiteXmlFile>testng.xml</suiteXmlFile>
<!-- 						<suiteXmlFile>TestNG_Hybrid.xml</suiteXmlFile> -->
					</suiteXmlFiles>
<!-- 					<properties> -->
<!-- 						<property> -->
<!-- 							<name>listener</name> -->
<!-- 							<value> -->
<!-- 								com.lti.concord.listeners.TestListener -->
<!-- 							</value> -->
<!-- 						</property> -->
<!-- 					</properties> -->
				</configuration>
			</plugin>
				</plugins>
	</build>
  
</project>